baud,size_bytes,seconds,actual_Bps,line_rate_Bps,uart_util_pct,usb_util_pct,ok,note
9600,4096,4.259397,961.6,960.0,100.17,0.16,1,
19200,4096,2.130016,1923.0,1920.0,100.16,0.32,1,
38400,8192,2.130199,3845.7,3840.0,100.15,0.63,1,
57600,12288,2.129260,5771.0,5760.0,100.19,0.95,1,
115200,24576,2.132174,11526.3,11520.0,100.05,1.90,1,
230400,49152,2.127437,23103.9,23040.0,100.28,3.80,1,
460800,94208,2.038373,46217.3,46080.0,100.30,7.60,1,
921600,184320,1.994218,92427.2,92160.0,100.29,15.20,1,
1000000,200704,2.004411,100131.1,100000.0,100.13,16.47,1,
1500000,303104,2.018163,150188.1,150000.0,100.13,24.70,1,
2000000,401408,2.004264,200277.0,200000.0,100.14,32.94,1,
2500000,503808,2.515421,200287.8,250000.0,80.12,32.94,1,
