baud,brr,actual_baud,chunk,run,total_bytes,received,seconds,eff_Bps,uart_util_pct,ok,note
2000000,24,2000000,192,1,32768,32768,0.219887,149022.3,74.51,1,
2000000,24,2000000,192,2,32768,32768,0.221877,147685.4,73.84,1,
2000000,24,2000000,512,1,32768,32768,0.187230,175014.9,87.51,1,
2000000,24,2000000,512,2,32768,32768,0.188171,174139.5,87.07,1,
2000000,24,2000000,4096,1,32768,32768,0.166845,196398.2,98.20,1,
2000000,24,2000000,4096,2,32768,32768,0.167745,195344.1,97.67,1,
2500000,19,2526316,192,1,32768,32768,0.225302,145440.4,58.18,1,
2500000,19,2526316,192,2,32768,32768,0.231855,141329.9,56.53,1,
2500000,19,2526316,512,1,32768,2496,2.243144,1112.7,0.45,0,超时：只收到 2496/2560 字节
2500000,19,2526316,512,2,32768,26048,2.375336,10966.0,4.39,0,超时：只收到 26048/26112 字节
2500000,19,2526316,4096,1,32768,32768,0.160931,203614.7,81.45,1,
2500000,19,2526316,4096,2,32768,11776,2.498916,4712.4,1.88,0,超时：只收到 11776/12288 字节
3000000,16,3000000,192,1,32768,32768,0.196311,166919.2,55.64,1,
3000000,16,3000000,192,2,32768,32768,0.196904,166416.4,55.47,1,
3000000,16,3000000,512,1,32768,1472,2.276896,646.5,0.22,0,超时：只收到 1472/1536 字节
3000000,16,3000000,512,2,32768,1472,2.244275,655.9,0.22,0,超时：只收到 1472/1536 字节
3000000,16,3000000,4096,1,32768,2977,2.447779,1216.2,0.41,0,超时：只收到 2977/4096 字节
3000000,16,3000000,4096,2,32768,8111,2.491743,3255.2,1.09,0,超时：只收到 8111/8192 字节
4000000,12,4000000,192,1,32768,32768,0.194857,168164.1,42.04,1,
4000000,12,4000000,192,2,32768,32768,0.196073,167121.5,41.78,1,
4000000,12,4000000,512,1,32768,448,2.225172,201.3,0.05,0,超时：只收到 448/512 字节
4000000,12,4000000,512,2,32768,3520,2.267334,1552.5,0.39,0,超时：只收到 3520/3584 字节
4000000,12,4000000,4096,1,32768,476,2.281780,208.6,0.05,0,超时：只收到 476/4096 字节
4000000,12,4000000,4096,2,32768,3105,2.279017,1362.4,0.34,0,超时：只收到 3105/4096 字节
6000000,8,6000000,192,1,32768,32768,0.194054,168860.4,28.14,1,
6000000,8,6000000,192,2,32768,32768,0.195040,168006.8,28.00,1,
6000000,8,6000000,512,1,32768,1920,2.235704,858.8,0.14,0,超时：只收到 1920/2048 字节
6000000,8,6000000,512,2,32768,448,2.248107,199.3,0.03,0,超时：只收到 448/512 字节
6000000,8,6000000,4096,1,32768,7894,2.464831,3202.7,0.53,0,超时：只收到 7894/8192 字节
6000000,8,6000000,4096,2,32768,2546,2.452540,1038.1,0.17,0,超时：只收到 2546/4096 字节
