"Khz","Write","Read","WMin","WMax","RMin","RMax","Passed","Runs","Error"
"100","4.633","4.727","4.633","4.633","4.727","4.727","5/5","1","False"
"200","8.301","8.614","8.301","8.301","8.614","8.614","5/5","1","False"
"300","11.827","12.003","11.827","11.827","12.003","12.003","5/5","1","False"
"400","14.987","14.828","14.987","14.987","14.828","14.828","5/5","1","False"
"500","18.672","18.721","18.672","18.672","18.721","18.721","5/5","1","False"
"600","21.446","21.606","21.446","21.446","21.606","21.606","5/5","1","False"
"800","25.166","23.984","25.166","25.166","23.984","23.984","5/5","1","False"
"1000","31.726","31.359","31.726","31.726","31.359","31.359","5/5","1","False"
"1500","40.807","40.318","40.807","40.807","40.318","40.318","5/5","1","False"
"2000","41.194","40.294","41.194","41.194","40.294","40.294","5/5","1","False"
"2500","54.315","45.794","54.315","54.315","45.794","45.794","5/5","1","False"
"3000","53.811","42.804","53.811","53.811","42.804","42.804","5/5","1","False"
"4000","54.154","45.344","54.154","54.154","45.344","45.344","5/5","1","False"
"5000","53.318","45.123","53.318","53.318","45.123","45.123","5/5","1","False"
"5750","54.133","45.543","54.133","54.133","45.543","45.543","5/5","1","False"
"6000","125.39","121.016","125.39","125.39","121.016","121.016","5/5","1","False"
"8000","126.687","121.819","126.687","126.687","121.819","121.819","5/5","1","False"
"10000","115.898","113.921","115.898","115.898","113.921","113.921","5/5","1","False"
"12000","126.304","119.004","126.304","126.304","119.004","119.004","5/5","1","False"
